{
  "train_loss": [
    0.673751433650184,
    0.5768051675812098,
    0.5108107410602876,
    0.466947029669097,
    0.440749142614966,
    0.42643640392793886,
    0.4060825932869085,
    0.38763394608561735,
    0.3790469685444609,
    0.36835507329130623,
    0.3573865085288034,
    0.34939419083987727,
    0.33914436884140786,
    0.33209412992349235,
    0.32322287515786263,
    0.31091560311004146,
    0.30358928069460533,
    0.295688304455186,
    0.28721709940719736,
    0.2791223657763671,
    0.26836870914749095,
    0.262443988126345,
    0.2514897886622803,
    0.24320468766292702,
    0.23370293894987673,
    0.22506991991634318,
    0.21859784899133122,
    0.2085827328647525,
    0.19993002544100874,
    0.19411535181099718,
    0.18964082929774972,
    0.18029167761475354,
    0.17619117176378774,
    0.16769472641097866,
    0.16307011676561362,
    0.15877617448667286,
    0.15378840637042315,
    0.1484611792814452,
    0.14458310750117603,
    0.14026457286668434
  ],
  "train_acc": [
    0.4472444430391754,
    0.5503604515129478,
    0.6111313118537958,
    0.6493818572738483,
    0.672668922123502,
    0.6830635216745186,
    0.6994577418028899,
    0.7121209725867139,
    0.7188162013469503,
    0.7267761722578809,
    0.7349100452145318,
    0.7401666297783539,
    0.7487273532108641,
    0.7526954817086666,
    0.7596357542606001,
    0.7695165523128972,
    0.7755240775286938,
    0.7813260821450027,
    0.7875075094065197,
    0.7942738799127328,
    0.8014512916179214,
    0.807071489550068,
    0.8160195402662282,
    0.8236317070857179,
    0.8311094950516963,
    0.8385161412716983,
    0.8428162645840579,
    0.8516378410851487,
    0.859566193442312,
    0.8641271698232523,
    0.8685695766275651,
    0.8768299237992854,
    0.8813829955417839,
    0.8879833686407184,
    0.8921965409302178,
    0.8966626616498561,
    0.901294779776773,
    0.9047886299680653,
    0.909381224902773,
    0.9123691782337876
  ],
  "val_loss": [
    0.663097765680464,
    0.52733122386509,
    0.6006924210716182,
    0.4186922200794488,
    0.4181717408398467,
    0.3734208765525501,
    0.37985594850416343,
    0.39102861838737896,
    0.3420146675770403,
    0.3894813972037227,
    0.403186750166603,
    0.37380858489859903,
    0.3598261540584242,
    0.3587843505355278,
    0.3530108890185989,
    0.3410802871019001,
    0.3468071566182598,
    0.337829092292159,
    0.32166968746180175,
    0.3186734433358982,
    0.3449599117856697,
    0.3513218456398549,
    0.3200993662234661,
    0.32205287517266745,
    0.312643245379899,
    0.32077356225729725,
    0.3421478394101152,
    0.32827731087772744,
    0.33363024604141106,
    0.3270224844827783,
    0.3289282919936439,
    0.3165315325592015,
    0.33746827920677464,
    0.32979534063807464,
    0.3469176328261188,
    0.3342839348103602,
    0.34680464305113184,
    0.34472501826740143,
    0.341375899394602,
    0.34187146886209757
  ],
  "val_acc": [
    0.47372415101498766,
    0.581135774362866,
    0.5518876873458547,
    0.6994561436792512,
    0.692278505027509,
    0.7231708088281793,
    0.722317080882818,
    0.7198507557073294,
    0.7561500031619554,
    0.7159615506229052,
    0.7083728577752482,
    0.7293682413204325,
    0.7435338013027256,
    0.7376209447922595,
    0.7565294378043382,
    0.751312211471574,
    0.7448934421045975,
    0.7599759691393158,
    0.7692721178776956,
    0.7677227597546322,
    0.7622525769936128,
    0.7542212103965092,
    0.7775248213495225,
    0.7809081135774363,
    0.7842281666982862,
    0.7796433314361602,
    0.7652880541326756,
    0.777366723581863,
    0.7772086258142035,
    0.7848605577689243,
    0.7826155694681591,
    0.7931448807942831,
    0.7858723834819452,
    0.7948839562385379,
    0.7864731549990515,
    0.7973502814140264,
    0.7887813824068804,
    0.7952317713273889,
    0.7967178903433884,
    0.8034528552456839
  ],
  "lr": [
    2.0800000000000004e-05,
    4.0600000000000004e-05,
    6.04e-05,
    8.020000000000001e-05,
    0.0001,
    9.98794204878613e-05,
    9.951826940270775e-05,
    9.891830623632339e-05,
    9.808245394894679e-05,
    9.701478472890248e-05,
    9.572050015330874e-05,
    9.420590584651689e-05,
    9.247838075974309e-05,
    9.05463412215599e-05,
    8.84191999343894e-05,
    8.610732011676324e-05,
    8.362196501476348e-05,
    8.097524302862009e-05,
    7.818004872180197e-05,
    7.525e-05,
    7.219937176605933e-05,
    6.904302637408766e-05,
    6.57963412215599e-05,
    6.247513383218355e-05,
    5.909558479451306e-05,
    5.5674158931748854e-05,
    5.222752508677381e-05,
    4.877247491322622e-05,
    4.532584106825116e-05,
    4.190441520548695e-05,
    3.852486616781646e-05,
    3.5203658778440106e-05,
    3.195697362591236e-05,
    2.8800628233940664e-05,
    2.5750000000000013e-05,
    2.281995127819804e-05,
    2.0024756971379916e-05,
    1.7378034985236535e-05,
    1.4892679883236778e-05,
    1.2580800065610596e-05
  ],
  "epoch_time": [
    240.40294098854065,
    239.89839553833008,
    239.62882471084595,
    242.11696338653564,
    241.25464177131653,
    241.24244809150696,
    239.8335611820221,
    245.12952613830566,
    240.45088863372803,
    240.63454341888428,
    240.10022163391113,
    244.80606389045715,
    240.673570394516,
    239.53130173683167,
    239.8512740135193,
    245.860249042511,
    239.42604613304138,
    240.2652187347412,
    243.3424961566925,
    243.74058079719543,
    240.66369199752808,
    240.22738599777222,
    240.6947841644287,
    245.15074038505554,
    245.00024580955505,
    239.9626989364624,
    249.721417427063,
    240.0737099647522,
    240.06986331939697,
    241.1448986530304,
    241.05755400657654,
    240.22472834587097,
    245.1850938796997,
    245.1959707736969,
    240.14194083213806,
    244.63717007637024,
    239.05477237701416,
    239.9765191078186,
    241.67130994796753,
    245.32123160362244
  ]
}