{
  "train_loss": [
    1.2304072940775879,
    1.104937291582178,
    1.0188402159529806,
    0.9477669275722521,
    0.8995270755920672,
    0.8612083282446429,
    0.8285717361605156,
    0.7999464537119494,
    0.7759093414422823,
    0.7605054097127427,
    0.7438728526796713,
    0.7319804788988955,
    0.7126703151551569,
    0.7021750004153883,
    0.6905128938870128,
    0.6774105034333,
    0.6675043568553627,
    0.6578743058237458,
    0.6472085857947695,
    0.6375659933904966,
    0.628236968401136,
    0.620446599160784,
    0.6060129514138796,
    0.5962246901021725,
    0.5832858541039552,
    0.5744748242072445,
    0.5638676898883598,
    0.5507833114345644,
    0.5418893948169566,
    0.5294186958821291,
    0.5174774986302159,
    0.5050121171479282,
    0.49658774679775397,
    0.4823370267356061,
    0.46954961658997874,
    0.4582438090130671,
    0.4500131640064655,
    0.4366716109738015
  ],
  "train_acc": [
    0.43526101116134946,
    0.524393714231511,
    0.5667783855566446,
    0.6095345748885446,
    0.6457299143137193,
    0.6648117115123154,
    0.6822098207228001,
    0.6928968918961647,
    0.7015445663515351,
    0.7099867202074177,
    0.7178913586492554,
    0.7227052834603345,
    0.7288629968065261,
    0.7348468081069972,
    0.7400085370095172,
    0.7448066525437127,
    0.7471622347993803,
    0.7496601005470009,
    0.7553277263097986,
    0.759983558352041,
    0.7626869446991494,
    0.7642441584721915,
    0.7700698770038259,
    0.7723385082366333,
    0.7745597116387897,
    0.7777927087615012,
    0.7812865589527935,
    0.7854760173269675,
    0.7884402567426566,
    0.7917206816960193,
    0.7944240680431277,
    0.7983368640718373,
    0.7998229360989029,
    0.804439244948936,
    0.8080674739937396,
    0.8112767572011256,
    0.8134742466879565,
    0.8180905555379897
  ],
  "val_loss": [
    1.1060110599863637,
    0.9815476379531434,
    0.9177535592752036,
    0.8649563541231726,
    0.8516962423516369,
    0.8227394971013453,
    0.7642308414069087,
    0.7548204031952839,
    0.7286884671241216,
    0.7148210732012465,
    0.7040871639130487,
    0.7031391670436566,
    0.6906793239876117,
    0.6859199729596295,
    0.6705467336651105,
    0.6618462644174883,
    0.6887858597503881,
    0.6679742836917532,
    0.6513151703384142,
    0.6459583042544387,
    0.6372806509735386,
    0.65928841660961,
    0.625456805659043,
    0.6300142701690024,
    0.6323195425539687,
    0.6316079017575171,
    0.640145623392936,
    0.631967324670952,
    0.6433836475522606,
    0.6473646523309735,
    0.6468395095000282,
    0.6679383382952236,
    0.6549529158842147,
    0.6446020004834184,
    0.6746109654161152,
    0.6766773171226749,
    0.6800062018214869,
    0.6955558686443971
  ],
  "val_acc": [
    0.4730917599443496,
    0.6031746031746031,
    0.6127237083412382,
    0.648390564725226,
    0.6166129134256624,
    0.6784607601340669,
    0.6908556251185733,
    0.7312654145323468,
    0.7386011509517486,
    0.7084993359893759,
    0.7591854803010182,
    0.7655410105609309,
    0.7420160627331942,
    0.7345538480996648,
    0.7568456333396573,
    0.7836273951811801,
    0.7686081072535256,
    0.7781255928666287,
    0.7568456333396573,
    0.7697464111806741,
    0.7759754632264593,
    0.7352810978308987,
    0.7751533548346298,
    0.774078290014545,
    0.7597862518181243,
    0.7639600328843357,
    0.7892240561563271,
    0.7675962815405046,
    0.7810345917915639,
    0.787295263390881,
    0.7766078542970973,
    0.7877695566938595,
    0.7591854803010182,
    0.7746790615316512,
    0.7783785492948839,
    0.7857142857142857,
    0.7715487257319926,
    0.7917536204388794
  ],
  "lr": [
    2.0800000000000004e-05,
    4.0600000000000004e-05,
    6.04e-05,
    8.020000000000001e-05,
    0.0001,
    9.98794204878613e-05,
    9.951826940270775e-05,
    9.891830623632339e-05,
    9.808245394894679e-05,
    9.701478472890248e-05,
    9.572050015330874e-05,
    9.420590584651689e-05,
    9.247838075974309e-05,
    9.05463412215599e-05,
    8.84191999343894e-05,
    8.610732011676324e-05,
    8.362196501476348e-05,
    8.097524302862009e-05,
    7.818004872180197e-05,
    7.525e-05,
    7.219937176605933e-05,
    6.904302637408766e-05,
    6.57963412215599e-05,
    6.247513383218355e-05,
    5.909558479451306e-05,
    5.5674158931748854e-05,
    5.222752508677381e-05,
    4.877247491322622e-05,
    4.532584106825116e-05,
    4.190441520548695e-05,
    3.852486616781646e-05,
    3.5203658778440106e-05,
    3.195697362591236e-05,
    2.8800628233940664e-05,
    2.5750000000000013e-05,
    2.281995127819804e-05,
    2.0024756971379916e-05,
    1.7378034985236535e-05
  ],
  "epoch_time": [
    239.61455297470093,
    237.17934918403625,
    243.43611884117126,
    237.16602563858032,
    240.20769882202148,
    246.99168944358826,
    248.88919734954834,
    245.04823112487793,
    240.400164604187,
    238.29558992385864,
    244.86617255210876,
    239.78261494636536,
    248.54109120368958,
    244.53873419761658,
    239.67599153518677,
    247.89097499847412,
    236.8084785938263,
    236.33862018585205,
    237.47385168075562,
    250.84899950027466,
    249.77511596679688,
    242.2380554676056,
    238.07693886756897,
    238.2019383907318,
    237.59327292442322,
    248.85563611984253,
    236.63450360298157,
    236.13797879219055,
    235.38417172431946,
    245.350501537323,
    245.90538620948792,
    241.37451171875,
    241.0601270198822,
    252.24569177627563,
    241.40531039237976,
    245.14621305465698,
    244.2881727218628,
    239.90105938911438
  ]
}